{"timestamps": [1513108192.298024, 1513108220.711094], "initial_reset_timestamp": 1513108159.613599, "episode_types": ["t", "t", "t"], "episode_lengths": [999, 999], "episode_rewards": [-0.012944207855150585, -0.013319692085202915]}